timestamp,symbol,monitor_only,status,issues,strikes,current_spread,target_spread,percent_diff,ask_layers,bid_layers,dws,dws_poor,depth_1.25x,depth_1.5x,imbalance_ratio,heavier_side,stale_ob_count,_actionable,_all_issues
2026-10-07 23:06:36,AAVE_USDT,False,Checked,,0,0.3,0.3,0.0,22,22,0.1872,False,$15.3K,$15.3K,1.04,bids,0,[],[]
2026-10-07 23:06:19,AxCNH_USDT,False,Checked,A4:MEDIUM,0,3.108,3.0,3.6,21,20,2.0893,True,$277,$297,1.35,asks,0,[],"[('A4', 'MEDIUM', 'Thin mid-market — depth within spread: $277 (min $5.0K)')]"
2026-10-07 23:06:20,BCH_USDT,False,Checked,,0,0.401,0.26,54.23,22,22,0.3503,False,$5.8K,$7.4K,1.35,bids,0,[],[]
2026-10-07 23:06:44,BNB_USDT,False,Checked,,0,0.301,0.3,0.33,22,22,0.1959,False,$76.8K,$76.8K,1.05,asks,0,[],[]
2026-10-07 23:06:59,BTC_USDT,False,Checked,,0,0.2,0.2,0.0,22,22,0.1436,False,$1.80M,$2.17M,1.71,bids,0,[],[]
2026-10-07 23:07:04,CFX_USDT,False,Checked,,0,1.746,2.0,-12.7,22,22,1.4144,True,$11.7K,$14.1K,1.53,asks,0,[],[]
2026-10-07 23:07:11,DASH_USDT,False,Checked,,0,1.485,2.0,-25.75,22,22,1.3034,True,$16.4K,$22.0K,2.07,asks,0,[],[]
2026-10-07 23:07:29,DOT_USDT,False,Checked,,0,0.305,0.26,17.31,22,22,0.2022,False,$10.3K,$10.3K,1.16,bids,0,[],[]
2026-10-07 23:07:16,DOGE_USDT,False,Checked,,0,0.27,0.26,3.85,22,22,0.2261,False,$9.6K,$13.8K,1.35,bids,0,[],[]
2026-10-07 23:07:52,ETH_USDT,False,Checked,,0,0.25,0.25,0.0,22,22,0.172,False,$127.3K,$164.9K,1.21,bids,0,[],[]
2026-10-07 23:07:34,HYPE_USDT,False,Warning,A2:HIGH,1,0.251,2.0,-87.45,22,22,0.7297,True,$23.0K,$28.8K,1.57,bids,0,"[('A2', 'HIGH', 'Spread 0.251% vs target 2% (diff -87.5%) | DWS: 0.7297 (poor — strike counted)')]","[('A2', 'HIGH', 'Spread 0.251% vs target 2% (diff -87.5%) | DWS: 0.7297 (poor — strike counted)')]"
2026-10-07 23:08:20,LINK_USDT,False,Checked,,0,0.307,0.26,18.08,22,22,0.1902,False,$31.1K,$31.1K,1.02,asks,0,[],[]
2026-10-07 23:08:18,LTC_USDT,False,Checked,,0,0.466,0.3,55.33,22,22,0.2851,False,$99.2K,$99.2K,1.2,bids,0,[],[]
2026-10-07 23:08:25,PEPE_USDT,False,Checked,,0,0.368,0.5,-26.4,22,22,0.3294,False,$28.0K,$36.2K,1.42,bids,0,[],[]
2026-10-07 23:08:27,POL_USDT,False,Checked,,0,0.314,0.5,-37.2,22,22,0.2019,False,$67.4K,$67.4K,1.02,bids,0,[],[]
2026-10-07 23:08:43,SHIB_USDT,False,Checked,,0,0.3,0.4,-25.0,22,22,0.2004,False,$27.6K,$27.6K,1.76,asks,0,[],[]
2026-10-07 23:09:12,SOL_USDT,False,Checked,,0,0.25,0.25,0.0,22,22,0.2295,False,$99.6K,$119.3K,1.21,asks,0,[],[]
2026-10-07 23:09:39,SUI_USDT,False,Checked,,0,1.94,2.0,-3.0,22,22,1.3663,True,$5.1K,$5.3K,3.04,asks,0,[],[]
2026-10-07 23:09:31,TON_USDT,False,Checked,A4:MEDIUM,0,0.209,0.3,-30.33,22,22,0.2483,False,$3.6K,$4.0K,1.57,asks,0,[],"[('A4', 'MEDIUM', 'Thin mid-market — depth within spread: $3.6K (min $5.0K)')]"
2026-10-07 23:09:31,TRX_USDT,False,Checked,,0,0.304,0.3,1.33,22,22,0.2051,False,$502.3K,$502.3K,1.24,bids,0,[],[]
2026-10-07 23:09:40,USDC_USDT,False,Checked,,0,0.0399,0.03,33.0,22,22,0.0778,False,$443.6K,$613.8K,1.23,asks,0,[],[]
2026-10-07 23:09:48,XLM_USDT,False,Checked,,0,0.301,0.3,0.33,22,22,0.1925,False,$80.9K,$83.5K,1.05,asks,0,[],[]
2026-10-07 23:10:04,XRP_USDT,False,Checked,,0,0.31,0.3,3.33,22,22,0.2017,False,$70.6K,$70.6K,1.07,bids,0,[],[]
2026-10-07 23:09:48,XYO_USDT,False,Checked,A4:MEDIUM,0,0.304,1.0,-69.6,22,22,0.3028,False,$1.5K,$1.9K,1.8,asks,0,[],"[('A4', 'MEDIUM', 'Thin mid-market — depth within spread: $1.5K (min $5.0K)')]"
2026-10-07 23:09:53,BTC_NGN,False,Checked,,0,0.702,0.7,0.29,22,22,0.6003,True,$2604.51M,$2850.62M,1.59,asks,0,[],[]
2026-10-07 23:10:00,USDT_NGN,False,Checked,A2:HIGH,0,0.219,0.95,-76.95,22,22,0.2234,False,$1402.20M,$1456.51M,1.03,bids,0,[],"[('A2', 'HIGH', 'Spread 0.219% vs target 0.95% (diff -76.9%) | DWS: 0.2234 (ok — strike skipped)')]"
2026-10-07 23:10:07,ETH_NGN,False,Checked,,0,0.61,0.75,-18.67,22,22,0.5481,True,$963.54M,$1040.57M,1.04,asks,0,[],[]
2026-10-07 23:10:10,TRX_NGN,False,Checked,,0,0.97,0.75,29.33,22,22,0.5627,True,$908.09M,$908.09M,1.05,asks,0,[],[]
2026-10-07 23:10:14,XRP_NGN,False,Checked,,0,0.981,0.5,96.2,22,22,0.5594,True,$112.29M,$112.29M,1.24,asks,0,[],[]
2026-10-07 23:10:20,DASH_NGN,False,Checked,,0,0.998,0.5,99.6,22,22,0.5657,True,$34.83M,$34.83M,1.26,asks,0,[],[]
2026-10-07 23:10:21,LTC_NGN,False,Checked,,0,0.968,0.5,93.6,22,22,0.5599,True,$314.23M,$314.23M,1.18,asks,0,[],[]
2026-10-07 23:10:24,SOL_NGN,False,Checked,,0,0.448,0.8,-44.0,22,22,0.2545,False,$174.33M,$174.33M,1.08,asks,0,[],[]
2026-10-07 23:10:28,USDC_NGN,False,Checked,,0,0.95,1.2,-20.83,22,22,0.5933,True,$1303.18M,$1303.18M,1.12,asks,0,[],[]
2026-10-07 23:10:29,USDT_GHS,False,Checked,,0,1.164,1.3,-10.46,22,20,0.9907,True,$2.64M,$3.45M,1.64,bids,0,[],[]
